Workbook

Sheet Report Summary
B2: Data Cleaning & Reporting Automation — Run Summary
B3: Generated automatically by data_cleaning_automation.py — every number below is reproducible by rerunning the script.
B5: Metric | C5: Value
B6: Rows processed (raw) | C6: 1622
B7: Rows after cleaning | C7: 1600
B8: Duplicate rows removed | C8: 22
B9: Missing values before | C9: 253
B10: Missing values after | C10: 0
B11: Data quality score — before | C11: 98.6/100
B12: Data quality score — after | C12: 100.0/100
B13: Total revenue (cleaned) | C13: 456327.76
B14: Avg order value | C14: 285.2
B15: Return rate | C15: 0.089
B17: Column | C17: Before | D17: After
B18: Country | C18: 50 | D18: 0
B19: Discount | C19: 51 | D19: 0
B20: Email | C20: 64 | D20: 0
B21: PaymentMethod | C21: 32 | D21: 0
B22: ProductCategory | C22: 32 | D22: 0
B23: Quantity | C23: 24 | D23: 0

Sheet Cleaning Log
A1: Full audit trail of every automated cleaning action, in execution order.
A3: Time | B3: Stage | C3: Action | D3: Count
A4: 03:59:51 | B4: Ingest | C4: Loading raw file: orders_raw.csv
A5: 03:59:51 | B5: Ingest | C5: Loaded 1622 rows, 11 columns
A6: 03:59:51 | B6: Validate | C6: Missing values by column (before): Email=64, Country=50, ProductCategory=32, Quantity=24, Discount=51, PaymentMethod=32
A7: 03:59:51 | B7: Validate | C7: Exact duplicate rows found | D7: 22
A8: 03:59:51 | B8: Clean | C8: Removed exact duplicate rows | D8: 22
A9: 03:59:51 | B9: Standardize | C9: 'ProductCategory': normalized 1251 inconsistent values to canonical labels | D9: 1251
A10: 03:59:51 | B10: Standardize | C10: 'Country': normalized 1211 inconsistent values to canonical labels | D10: 1211
A11: 03:59:51 | B11: Standardize | C11: 'OrderDate': parsed 1600 mixed-format date strings into a single format
A12: 03:59:51 | B12: Standardize | C12: 'UnitPrice': converted 1600 string-formatted currency values to numeric | D12: 1600
A13: 03:59:51 | B13: Standardize | C13: 'IsReturned': collapsed 8 representations (Yes/Y/true/1, etc.) into True/False
A14: 03:59:51 | B14: Clean | C14: Flagged and nulled 11 impossible Discount value(s) (outside 0-100%) | D14: 11
A15: 03:59:51 | B15: Impute | C15: 'ProductCategory': filled 32 missing value(s) with mode ('Home & Garden') | D15: 32
A16: 03:59:51 | B16: Impute | C16: 'Country': filled 48 missing value(s) with mode ('United Kingdom') | D16: 48
A17: 03:59:51 | B17: Impute | C17: 'PaymentMethod': filled 32 missing value(s) with 'Unknown' | D17: 32
A18: 03:59:51 | B18: Impute | C18: 'Quantity': filled 24 missing value(s) with median (3.0) | D18: 24
A19: 03:59:51 | B19: Impute | C19: 'Discount': filled 59 missing value(s) (incl. flagged outliers) with median (0.15) | D19: 59
A20: 03:59:51 | B20: Impute | C20: 'Email': filled 64 missing value(s) with placeholder | D20: 64
A21: 03:59:51 | B21: Validate | C21: Missing values remaining (after) | D21: 0
A22: 03:59:51 | B22: Validate | C22: Duplicate rows remaining (after) | D22: 0
A23: 03:59:51 | B23: Report | C23: Data quality score before cleaning: 98.6/100
A24: 03:59:51 | B24: Report | C24: Data quality score after cleaning: 100.0/100

Sheet Raw Data
A1: Exactly as exported — inconsistent casing, mixed date formats, currency strings, missing values, and duplicate rows all left in place.
A3: OrderID | B3: OrderDate | C3: CustomerName | D3: Email | E3: Country | F3: ProductCategory | G3: Quantity | H3: UnitPrice | I3: Discount | J3: PaymentMethod | K3: IsReturned
A4: ORD-21390 | B4: 07-May-2026 | C4: Customer 1490 | D4: customer1490@example.com | E4: CANADA | F4: Apparel | G4: 2 | H4: 70.76 | I4: 0.08 | J4: Credit Card | K4: No
A5: ORD-20002 | B5: 26-Jun-2025 | C5: Customer 1002 | D5: customer1002@example.com | E5: DE | F5: Apparel | G5: 1 | H5: $122.24 | I5: 0.18 | J5: Credit Card | K5: false
A6: ORD-20503 | B6: April 07, 2025 | C6: Customer 1503 | D6: customer1503@example.com | E6: AUS | F6: Home & Garden | G6: 3 | H6: $197.06 | I6: 0.13 | J6: Gift Card | K6: 0
A7: ORD-21340 | B7: 2026-01-31 | C7: Customer 1440 | D7: customer1440@example.com | E7: United kingdom | F7: electronics | G7: 5 | H7: 24.27 | I7: 0.07 | K7: FALSE
A8: ORD-21025 | B8: 09/17/2025 | C8: Customer 1125 | D8: customer1125@example.com | E8: USA | F8: Sports | G8: 1 | H8: $149.32 | I8: 0.18 | J8: Credit Card | K8: No
A9: ORD-20472 | B9: 2025-12-09 | C9: Customer 1472 | D9: customer1472@example.com | E9: America | F9: Sport | G9: 1 | H9: $51.30 | J9: Credit Card | K9: FALSE
A10: ORD-20481 | B10: 07/16/2025 | C10: Customer 1481 | D10: customer1481@example.com | E10: UK | F10: Sport | G10: 2 | H10: $140.65 | I10: 0.26 | J10: PayPal | K10: no
A11: ORD-20368 | B11: 2025-09-14 | C11: Customer 1368 | D11: customer1368@example.com | E11: United States | F11: Home & Garden | G11: 4 | H11: 25.65 | I11: 0.15 | J11: PayPal | K11: No
A12: ORD-20458 | B12: 30-Jan-2026 | C12: Customer 1458 | D12: customer1458@example.com | E12: AUS | F12: apparel | G12: 4 | H12: $80.58 | I12: 0.07 | J12: PayPal | K12: No
A13: ORD-20861 | B13: 05/19/2026 | C13: Customer 1861 | D13: customer1861@example.com | E13: england | F13: Beuaty | G13: 3 | H13: $54.61 | I13: 0.02 | J13: Debit Card | K13: No
A14: ORD-20592 | B14: 2026-05-06 | C14: Customer 1592 | D14: customer1592@example.com | E14: America | F14: SPORTS | G14: 2 | H14: 23.74 | I14: 0.25 | J14: Credit Card | K14: TRUE
A15: ORD-21498 | B15: 19-Sep-2025 | C15: Customer 1598 | D15: customer1598@example.com | E15: USA | F15: Sports | G15: 3 | H15: $66.88 | I15: 0.22 | J15: PayPal | K15: FALSE
A16: ORD-21448 | B16: 2026-07-05 | C16: Customer 1548 | D16: customer1548@example.com | E16: America | F16: Sports | G16: 5 | H16: 179.61 | I16: 0.24 | J16: Credit Card | K16: No
A17: ORD-21372 | B17: 2026-07-27 | C17: Customer 1472 | D17: customer1472@example.com | E17: United states | F17: ELECTRONICS | G17: 1 | H17: 119.87 | I17: 0.05 | J17: PayPal | K17: FALSE
A18: ORD-20626 | B18: 01-Aug-2025 | C18: Customer 1626 | D18: customer1626@example.com | E18: england | F18: Electronics | G18: 5 | H18: $121.12 | I18: 0.04 | J18: Debit Card | K18: false
A19: ORD-20174 | B19: 20-Sep-2025 | C19: Customer 1174 | D19: customer1174@example.com | E19: us | F19: Apparel | G19: 3 | H19: $123.22 | I19: 0.16 | J19: Debit Card | K19: false
A20: ORD-20615 | B20: May 11, 2025 | C20: Customer 1615 | D20: customer1615@example.com | E20: CA | F20: Home & garden | G20: 1 | H20: $46.19 | I20: 0.22 | J20: Debit Card | K20: FALSE
A21: ORD-21194 | B21: 13-Dec-2025 | C21: Customer 1294 | D21: customer1294@example.com | E21: germany | F21: Beauty | G21: 1 | H21: $163.86 | I21: 0.01 | J21: Credit Card | K21: 0
A22: ORD-20570 | B22: 14-Sep-2025 | C22: Customer 1570 | D22: customer1570@example.com | E22: england | G22: 2 | H22: 110.87 | I22: 0.07 | J22: PayPal | K22: No
A23: ORD-20764 | B23: 2025-03-18 | C23: Customer 1764 | D23: customer1764@example.com | E23: canada | F23: SPORTS | G23: 5 | H23: 122.9 | I23: 0.11 | J23: Gift Card | K23: false
A24: ORD-20611 | B24: February 26, 2026 | C24: Customer 1611 | D24: customer1611@example.com | E24: CANADA | F24: Sport | G24: 4 | H24: 138.92 | I24: 0.13 | J24: Gift Card | K24: 1
A25: ORD-20795 | B25: April 01, 2026 | C25: Customer 1795 | D25: customer1795@example.com | E25: AUS | F25: HOME & GARDEN | G25: 3 | H25: 158.38 | I25: 0.23 | J25: Gift Card | K25: N
A26: ORD-20834 | B26: 26-May-2026 | C26: Customer 1834 | D26: customer1834@example.com | E26: United States | F26: Appreal | G26: 3 | H26: 22.72 | I26: 0.16 | J26: Gift Card | K26: N
A27: ORD-20272 | B27: 2026-06-07 | C27: Customer 1272 | D27: customer1272@example.com | E27: Canada | F27: apparel | G27: 4 | H27: 29.64 | I27: 0.06 | J27: Debit Card | K27: FALSE
A28: ORD-21362 | B28: 03-May-2026 | C28: Customer 1462 | D28: customer1462@example.com | E28: U.S.A. | F28: sports | G28: 3 | H28: 76.95 | I28: 0.22 | J28: Gift Card | K28: No
A29: ORD-20972 | B29: 2025-09-29 | C29: Customer 1072 | D29: customer1072@example.com | E29: AUSTRALIA | F29: Appreal | G29: 4 | H29: 106.45 | I29: 0.1 | J29: Debit Card | K29: 1
A30: ORD-20709 | B30: 08/09/2025 | C30: Customer 1709 | E30: AUS | F30: Beauty | G30: 5 | H30: $18.22 | I30: 0.24 | J30: Credit Card | K30: Yes
A31: ORD-20292 | B31: 2025-10-19 | C31: Customer 1292 | D31: customer1292@example.com | E31: DE | F31: Home & garden | G31: 4 | H31: $165.16 | I31: 0.2 | J31: Gift Card | K31: N
A32: ORD-20056 | B32: 2026-05-22 | C32: Customer 1056 | D32: customer1056@example.com | E32: USA | F32: apparel | G32: 3 | H32: 52.95 | I32: 0.21 | J32: Gift Card | K32: no
A33: ORD-21063 | B33: May 24, 2025 | C33: Customer 1163 | D33: customer1163@example.com | E33: United kingdom | F33: Apparel | G33: 4 | H33: $137.75 | I33: 0.11 | J33: Gift Card | K33: FALSE
A34: ORD-21358 | B34: 23-Mar-2026 | C34: Customer 1458 | D34: customer1458@example.com | E34: United kingdom | F34: sports | G34: 2 | H34: 194.95 | I34: 0.14 | J34: PayPal | K34: no
A35: ORD-21384 | B35: 2025-07-16 | C35: Customer 1484 | D35: customer1484@example.com | E35: United Kingdom | F35: Electronics | G35: 5 | H35: 174.78 | I35: 0.04 | J35: Debit Card | K35: TRUE
A36: ORD-20841 | B36: 09/18/2025 | C36: Customer 1841 | D36: customer1841@example.com | E36: U.K. | F36: Beuaty | G36: 2 | H36: 74.86 | I36: 0.3 | J36: PayPal | K36: false
A37: ORD-21215 | B37: June 09, 2026 | C37: Customer 1315 | D37: customer1315@example.com | E37: DE | F37: apparel | G37: 5 | H37: 106.93 | I37: 0.09 | J37: Debit Card | K37: false
A38: ORD-20974 | B38: 25-Feb-2026 | C38: Customer 1074 | D38: customer1074@example.com | E38: Germany | F38: Electronic | G38: 5 | H38: 98.87 | I38: 0.01 | J38: Gift Card | K38: N
A39: ORD-20311 | B39: September 20, 2025 | C39: Customer 1311 | D39: customer1311@example.com | E39: CANADA | F39: Home&Garden | G39: 3 | H39: $112.89 | I39: 0.15 | J39: Gift Card | K39: N
A40: ORD-20442 | B40: 01-Sep-2025 | C40: Customer 1442 | D40: customer1442@example.com | E40: germany | F40: beauty | G40: 4 | H40: 215.83 | I40: 0.26 | J40: Gift Card | K40: false
A41: ORD-21517 | B41: 01/12/2026 | C41: Customer 1617 | D41: customer1617@example.com | E41: U.S.A. | F41: Beauty | G41: 4 | H41: 76.22 | I41: 0.13 | J41: PayPal | K41: false
A42: ORD-20093 | B42: 04/08/2025 | C42: Customer 1093 | D42: customer1093@example.com | E42: U.K. | F42: Home&Garden | G42: 3 | H42: $196.37 | I42: 0.04 | J42: Gift Card | K42: no
... A48: ORD-20136 | B48: 2026-05-06 | C48: Customer 1136 | D48: customer1136@example.com | E48: UK | F48: Beuaty | G48: 3 | H48: $93.01 | I48: 0.04 | J48: PayPal | K48: FALSE
A49: ORD-21574 | B49: 13-Jan-2026 | C49: Customer 1674 | E49: U.S.A. | F49: Sports | G49: 3 | H49: 120.34 | I49: 0.01 | J49: PayPal | K49: false
A50: ORD-21122 | B50: 19-Oct-2025 | C50: Customer 1222 | D50: customer1222@example.com | E50: CANADA | F50: ELECTRONICS | G50: 4 | H50: $128.83 | I50: 0.11 | J50: Credit Card | K50: false
A51: ORD-20269 | B51: 05/26/2025 | C51: Customer 1269 | D51: customer1269@example.com | E51: DE | F51: APPAREL | G51: 1 | H51: $210.30 | I51: 0.02 | J51: Credit Card | K51: 0
A52: ORD-21181 | B52: 06/17/2025 | C52: Customer 1281 | D52: customer1281@example.com | E52: USA | F52: electronics | G52: 2 | H52: $11.24 | I52: 0.29 | J52: Gift Card | K52: 0
A53: ORD-21460 | B53: 2025-11-09 | C53: Customer 1560 | D53: customer1560@example.com | E53: Canada | F53: Home&Garden | G53: 1 | H53: 159.18 | I53: 0.09 | J53: Gift Card | K53: FALSE
A54: ORD-20780 | B54: 2025-06-15 | C54: Customer 1780 | D54: customer1780@example.com | E54: germany | F54: home and garden | G54: 4 | H54: 8.51 | I54: 0.16 | J54: Gift Card | K54: N
A55: ORD-20891 | B55: November 21, 2025 | C55: Customer 1891 | D55: customer1891@example.com | E55: DE | F55: sports | H55: $26.38 | I55: 0.3 | J55: Credit Card | K55: FALSE
A56: ORD-21543 | B56: December 23, 2025 | C56: Customer 1643 | D56: customer1643@example.com | E56: CANADA | F56: Home & garden | G56: 1 | H56: 67.16 | I56: 0.28 | J56: Credit Card | K56: false
A57: ORD-21081 | B57: 03/20/2025 | C57: Customer 1181 | D57: customer1181@example.com | E57: Canada | F57: sports | G57: 1 | H57: 201.75 | I57: 0.23 | J57: PayPal | K57: 0
A58: ORD-20279 | B58: July 28, 2026 | C58: Customer 1279 | D58: customer1279@example.com | E58: GERMANY | F58: Home&Garden | G58: 3 | H58: $169.57 | I58: 0.14 | J58: Debit Card | K58: false
A59: ORD-20965 | B59: 04/22/2025 | C59: Customer 1065 | D59: customer1065@example.com | E59: Australia | F59: Electronics | G59: 2 | H59: 199.93 | I59: 0.23 | J59: Debit Card | K59: FALSE
A60: ORD-20260 | B60: 2026-02-03 | C60: Customer 1260 | E60: U.S.A. | F60: Electronics | G60: 3 | H60: $205.57 | I60: 0.15 | J60: Debit Card | K60: FALSE
A61: ORD-20928 | B61: 2025-11-15 | C61: Customer 1028 | D61: customer1028@example.com | E61: AUS | F61: APPAREL | G61: 5 | H61: 146.35 | I61: 0.03 | J61: Credit Card | K61: FALSE
A62: ORD-21401 | B62: 02/06/2026 | C62: Customer 1501 | D62: customer1501@example.com | E62: GERMANY | F62: Electronics | G62: 4 | H62: 96.41 | I62: 0.08 | J62: PayPal | K62: FALSE
A63: ORD-20232 | B63: 2026-02-02 | C63: Customer 1232 | D63: customer1232@example.com | E63: United kingdom | F63: HOME & GARDEN | G63: 2 | H63: 80.09 | I63: 0.23 | J63: PayPal | K63: No
A64: ORD-21268 | B64: 2025-04-22 | C64: Customer 1368 | D64: customer1368@example.com | E64: Australia | F64: Beuaty | G64: 4 | H64: $162.16 | I64: 0.21 | J64: Gift Card | K64: No
A65: ORD-20036 | B65: 2025-05-11 | C65: Customer 1036 | D65: customer1036@example.com | E65: USA | F65: Sports | G65: 5 | H65: $15.82 | I65: 0.23 | J65: Credit Card | K65: true
A66: ORD-21085 | B66: 07/05/2026 | C66: Customer 1185 | D66: customer1185@example.com | E66: America | F66: Home & garden | G66: 5 | H66: $139.65 | I66: 0.08 | J66: Debit Card | K66: 0
A67: ORD-21487 | B67: February 08, 2026 | C67: Customer 1587 | D67: customer1587@example.com | E67: United states | F67: Electronics | G67: 5 | H67: 55.58 | I67: 0.06 | J67: Debit Card | K67: FALSE
A68: ORD-20065 | B68: 02/19/2026 | C68: Customer 1065 | D68: customer1065@example.com | E68: AUS | F68: home and garden | G68: 1 | H68: 153.27 | I68: 0.02 | J68: Credit Card | K68: No
A69: ORD-20632 | B69: 2025-06-09 | C69: Customer 1632 | D69: customer1632@example.com | E69: GERMANY | F69: HOME & GARDEN | G69: 5 | H69: 90.77 | I69: 0.14 | J69: PayPal | K69: 0
A70: ORD-21059 | B70: January 13, 2026 | C70: Customer 1159 | D70: customer1159@example.com | E70: UK | F70: Beauty | G70: 4 | H70: 131.99 | I70: 0.14 | J70: Gift Card | K70: no
A71: ORD-21235 | B71: July 07, 2025 | C71: Customer 1335 | D71: customer1335@example.com | E71: UK | F71: Electronics | G71: 4 | H71: 99.53 | I71: 0.27 | J71: PayPal | K71: 0
A72: ORD-21263 | B72: December 05, 2025 | C72: Customer 1363 | D72: customer1363@example.com | E72: AUS | F72: Sport | G72: 1 | H72: $190.50 | I72: 0.07 | J72: Credit Card | K72: Y
... A74: ORD-20080 | B74: 2025-04-17 | C74: Customer 1080 | D74: customer1080@example.com | E74: United Kingdom | F74: Sports | G74: 4 | H74: $186.33 | I74: 0.16 | J74: Credit Card | K74: yes
A75: ORD-21107 | B75: May 23, 2025 | C75: Customer 1207 | E75: Germany | F75: sports | G75: 1 | H75: $79.45 | I75: 0.21 | J75: Credit Card | K75: No
A76: ORD-20473 | B76: 03/26/2026 | C76: Customer 1473 | D76: customer1473@example.com | E76: Australia | F76: Electronics | G76: 2 | H76: 85.14 | I76: 0.15 | J76: Debit Card | K76: false
A77: ORD-20022 | B77: 22-Jan-2026 | C77: Customer 1022 | D77: customer1022@example.com | E77: DE | F77: Beauty | G77: 3 | H77: $71.45 | I77: 0.01 | J77: PayPal | K77: 0
A78: ORD-20607 | B78: January 21, 2026 | C78: Customer 1607 | E78: AUS | F78: Electronics | G78: 3 | H78: 159.98 | I78: 0.16 | J78: Gift Card | K78: false
A79: ORD-20901 | B79: 07/11/2025 | C79: Customer 1001 | D79: customer1001@example.com | E79: Canada | F79: APPAREL | G79: 1 | H79: 141.59 | I79: 0.19 | J79: PayPal | K79: No
A80: ORD-20082 | B80: 21-Jun-2026 | C80: Customer 1082 | D80: customer1082@example.com | E80: UK | F80: apparel | G80: 5 | H80: 192.53 | I80: 0.04 | J80: PayPal | K80: 0
A81: ORD-20171 | B81: August 03, 2025 | C81: Customer 1171 | E81: UK | F81: electronics | G81: 5 | H81: $37.15 | I81: 0.03 | J81: Gift Card | K81: No
A82: ORD-20984 | B82: 2025-03-01 | C82: Customer 1084 | D82: customer1084@example.com | E82: DE | F82: Sports | G82: 4 | H82: $207.43 | I82: 0.3 | J82: Credit Card | K82: false
A83: ORD-20750 | B83: 04-Feb-2026 | C83: Customer 1750 | D83: customer1750@example.com | E83: United kingdom | F83: Home & Garden | G83: 3 | H83: $165.10 | I83: 0.15 | J83: Gift Card | K83: N
A84: ORD-21100 | B84: 2026-04-09 | C84: Customer 1200 | D84: customer1200@example.com | E84: AUSTRALIA | F84: home and garden | G84: 1 | H84: $25.89 | I84: 0.16 | J84: Credit Card | K84: 0
A85: ORD-20127 | B85: March 15, 2025 | C85: Customer 1127 | D85: customer1127@example.com | E85: england | F85: Electronics | G85: 4 | H85: 135.98 | I85: 0.26 | J85: Gift Card | K85: 0
A86: ORD-20557 | B86: 09/04/2025 | C86: Customer 1557 | D86: customer1557@example.com | E86: AUSTRALIA | F86: Electronic | G86: 3 | H86: 177.34 | I86: 0.3 | J86: PayPal | K86: false
A87: ORD-20857 | B87: 05/16/2025 | C87: Customer 1857 | D87: customer1857@example.com | E87: germany | F87: Apparel | G87: 5 | H87: $98.42 | I87: 0 | J87: Debit Card | K87: 0
A88: ORD-21195 | B88: November 20, 2025 | C88: Customer 1295 | D88: customer1295@example.com | E88: canada | F88: Beuaty | G88: 4 | H88: $36.54 | I88: 0.15 | J88: PayPal | K88: 0
A89: ORD-21159 | B89: August 20, 2025 | C89: Customer 1259 | D89: customer1259@example.com | E89: DE | F89: Electronics | G89: 1 | H89: 88.21 | I89: 0.08 | J89: Credit Card | K89: FALSE
A90: ORD-21328 | B90: 2026-06-02 | C90: Customer 1428 | D90: customer1428@example.com | E90: australia | F90: apparel | G90: 3 | H90: 61.01 | I90: 0.24 | J90: PayPal | K90: 0
A91: ORD-20659 | B91: April 02, 2025 | C91: Customer 1659 | D91: customer1659@example.com | E91: germany | F91: electronics | G91: 2 | H91: 31.59 | I91: 0.27 | J91: Debit Card | K91: N
A92: ORD-20460 | B92: 2025-03-24 | C92: Customer 1460 | D92: customer1460@example.com | E92: Canada | F92: sports | H92: 77.76 | I92: 0.17 | J92: PayPal | K92: FALSE
A93: ORD-20088 | B93: 2026-01-20 | C93: Customer 1088 | D93: customer1088@example.com | E93: Germany | F93: Sports | G93: 5 | H93: $22.54 | I93: 0.05 | J93: Gift Card | K93: false
A94: ORD-20447 | B94: September 29, 2025 | C94: Customer 1447 | D94: customer1447@example.com | E94: GERMANY | F94: electronics | G94: 1 | H94: 188.45 | I94: 0.03 | J94: Debit Card | K94: No
A95: ORD-20785 | B95: 12/14/2025 | C95: Customer 1785 | D95: customer1785@example.com | E95: U.S.A. | F95: Electronics | H95: $22.69 | I95: 0.06 | J95: Debit Card | K95: 0
A96: ORD-21456 | B96: 2026-04-23 | C96: Customer 1556 | D96: customer1556@example.com | E96: United states | F96: apparel | G96: 3 | H96: $51.33 | I96: 0.22 | K96: 1
A97: ORD-21345 | B97: 07/07/2026 | C97: Customer 1445 | D97: customer1445@example.com | E97: America | F97: Beauty | G97: 1 | H97: 139.15 | I97: 0.14 | J97: Gift Card | K97: N
A98: ORD-20325 | B98: 04/03/2025 | C98: Customer 1325 | D98: customer1325@example.com | E98: AUSTRALIA | F98: ELECTRONICS | G98: 1 | H98: 11.84 | I98: 0.29 | J98: PayPal | K98: No
A99: ORD-20869 | B99: 05/08/2025 | C99: Customer 1869 | D99: customer1869@example.com | E99: United kingdom | F99: apparel | G99: 3 | H99: $135.29 | I99: 0.22 | J99: Gift Card | K99: N
A100: ORD-20246 | B100: 08-Apr-2025 | C100: Customer 1246 | D100: customer1246@example.com | E100: United States | F100: Beauty | G100: 2 | H100: 184.82 | I100: 0.21 | J100: Gift Card | K100: no
A101: ORD-20278 | B101: 27-Feb-2025 | C101: Customer 1278 | D101: customer1278@example.com | E101: australia | F101: Electronic | G101: 2 | H101: $178.69 | I101: 0.19 | J101: Credit Card | K101: FALSE
A102: ORD-21058 | B102: 21-Feb-2026 | C102: Customer 1158 | D102: customer1158@example.com | E102: england | F102: home and garden | G102: 4 | H102: $47.03 | I102: 0.02 | J102: Credit Card | K102: 0
A103: ORD-21444 | B103: 2025-11-13 | C103: Customer 1544 | D103: customer1544@example.com | E103: canada | F103: APPAREL | G103: 3 | H103: $39.79 | I103: 0.3 | J103: Credit Card | K103: No
A104: ORD-20716 | B104: 2025-11-09 | C104: Customer 1716 | D104: customer1716@example.com | E104: United Kingdom | F104: Beauty | G104: 4 | H104: $102.99 | I104: 0.24 | J104: PayPal | K104: N
A105: ORD-21553 | B105: 03/19/2026 | C105: Customer 1653 | D105: customer1653@example.com | E105: United kingdom | F105: Electronics | G105: 4 | H105: 27.17 | I105: 0.28 | J105: Credit Card | K105: FALSE
A106: ORD-20787 | B106: July 08, 2026 | C106: Customer 1787 | D106: customer1787@example.com | E106: us | F106: Beauty | G106: 2 | H106: $213.31 | I106: 0.28 | J106: Debit Card | K106: false
A107: ORD-20997 | B107: 11/10/2025 | C107: Customer 1097 | D107: customer1097@example.com | E107: Australia | F107: Home & Garden | G107: 4 | H107: 147.66 | I107: 0.08 | J107: Debit Card | K107: 0
...

Sheet Cleaned Data
A1: Output of data_cleaning_automation.py — standardized categories, parsed dates, numeric currency, imputed nulls, LineTotal computed.
A3: OrderID | B3: OrderDate | C3: CustomerName | D3: Email | E3: Country | F3: ProductCategory | G3: Quantity | H3: UnitPrice | I3: Discount | J3: PaymentMethod | K3: IsReturned | L3: LineTotal
A4: ORD-21390 | B4: 2026-05-07 | C4: Customer 1490 | D4: customer1490@example.com | E4: Canada | F4: Apparel | G4: 2 | H4: 70.76 | I4: 0.08 | J4: Credit Card | K4: =FALSE() -> FALSE | L4: 130.2
A5: ORD-20002 | B5: 2025-06-26 | C5: Customer 1002 | D5: customer1002@example.com | E5: Germany | F5: Apparel | G5: 1 | H5: 122.24 | I5: 0.18 | J5: Credit Card | K5: =FALSE() -> FALSE | L5: 100.24
A6: ORD-20503 | B6: 2025-04-07 | C6: Customer 1503 | D6: customer1503@example.com | E6: Australia | F6: Home & Garden | G6: 3 | H6: 197.06 | I6: 0.13 | J6: Gift Card | K6: =FALSE() -> FALSE | L6: 514.33
A7: ORD-21340 | B7: 2026-01-31 | C7: Customer 1440 | D7: customer1440@example.com | E7: United Kingdom | F7: Electronics | G7: 5 | H7: 24.27 | I7: 0.07 | J7: Unknown | K7: =FALSE() -> FALSE | L7: 112.86
A8: ORD-21025 | B8: 2025-09-17 | C8: Customer 1125 | D8: customer1125@example.com | E8: United States | F8: Sports | G8: 1 | H8: 149.32 | I8: 0.18 | J8: Credit Card | K8: =FALSE() -> FALSE | L8: 122.44
A9: ORD-20472 | B9: 2025-12-09 | C9: Customer 1472 | D9: customer1472@example.com | E9: United States | F9: Sports | G9: 1 | H9: 51.3 | I9: 0.15 | J9: Credit Card | K9: =FALSE() -> FALSE | L9: 43.6
A10: ORD-20481 | B10: 2025-07-16 | C10: Customer 1481 | D10: customer1481@example.com | E10: United Kingdom | F10: Sports | G10: 2 | H10: 140.65 | I10: 0.26 | J10: PayPal | K10: =FALSE() -> FALSE | L10: 208.16
A11: ORD-20368 | B11: 2025-09-14 | C11: Customer 1368 | D11: customer1368@example.com | E11: United States | F11: Home & Garden | G11: 4 | H11: 25.65 | I11: 0.15 | J11: PayPal | K11: =FALSE() -> FALSE | L11: 87.21
A12: ORD-20458 | B12: 2026-01-30 | C12: Customer 1458 | D12: customer1458@example.com | E12: Australia | F12: Apparel | G12: 4 | H12: 80.58 | I12: 0.07 | J12: PayPal | K12: =FALSE() -> FALSE | L12: 299.76
A13: ORD-20861 | B13: 2026-05-19 | C13: Customer 1861 | D13: customer1861@example.com | E13: United Kingdom | F13: Beauty | G13: 3 | H13: 54.61 | I13: 0.02 | J13: Debit Card | K13: =FALSE() -> FALSE | L13: 160.55
A14: ORD-20592 | B14: 2026-05-06 | C14: Customer 1592 | D14: customer1592@example.com | E14: United States | F14: Sports | G14: 2 | H14: 23.74 | I14: 0.25 | J14: Credit Card | K14: =TRUE() -> TRUE | L14: 35.61
A15: ORD-21498 | B15: 2025-09-19 | C15: Customer 1598 | D15: customer1598@example.com | E15: United States | F15: Sports | G15: 3 | H15: 66.88 | I15: 0.22 | J15: PayPal | K15: =FALSE() -> FALSE | L15: 156.5
A16: ORD-21448 | B16: 2026-07-05 | C16: Customer 1548 | D16: customer1548@example.com | E16: United States | F16: Sports | G16: 5 | H16: 179.61 | I16: 0.24 | J16: Credit Card | K16: =FALSE() -> FALSE | L16: 682.52
A17: ORD-21372 | B17: 2026-07-27 | C17: Customer 1472 | D17: customer1472@example.com | E17: United States | F17: Electronics | G17: 1 | H17: 119.87 | I17: 0.05 | J17: PayPal | K17: =FALSE() -> FALSE | L17: 113.88
A18: ORD-20626 | B18: 2025-08-01 | C18: Customer 1626 | D18: customer1626@example.com | E18: United Kingdom | F18: Electronics | G18: 5 | H18: 121.12 | I18: 0.04 | J18: Debit Card | K18: =FALSE() -> FALSE | L18: 581.38
A19: ORD-20174 | B19: 2025-09-20 | C19: Customer 1174 | D19: customer1174@example.com | E19: United States | F19: Apparel | G19: 3 | H19: 123.22 | I19: 0.16 | J19: Debit Card | K19: =FALSE() -> FALSE | L19: 310.51
A20: ORD-20615 | B20: 2025-05-11 | C20: Customer 1615 | D20: customer1615@example.com | E20: Canada | F20: Home & Garden | G20: 1 | H20: 46.19 | I20: 0.22 | J20: Debit Card | K20: =FALSE() -> FALSE | L20: 36.03
A21: ORD-21194 | B21: 2025-12-13 | C21: Customer 1294 | D21: customer1294@example.com | E21: Germany | F21: Beauty | G21: 1 | H21: 163.86 | I21: 0.01 | J21: Credit Card | K21: =FALSE() -> FALSE | L21: 162.22
A22: ORD-20570 | B22: 2025-09-14 | C22: Customer 1570 | D22: customer1570@example.com | E22: United Kingdom | F22: Home & Garden | G22: 2 | H22: 110.87 | I22: 0.07 | J22: PayPal | K22: =FALSE() -> FALSE | L22: 206.22
A23: ORD-20764 | B23: 2025-03-18 | C23: Customer 1764 | D23: customer1764@example.com | E23: Canada | F23: Sports | G23: 5 | H23: 122.9 | I23: 0.11 | J23: Gift Card | K23: =FALSE() -> FALSE | L23: 546.9
A24: ORD-20611 | B24: 2026-02-26 | C24: Customer 1611 | D24: customer1611@example.com | E24: Canada | F24: Sports | G24: 4 | H24: 138.92 | I24: 0.13 | J24: Gift Card | K24: =TRUE() -> TRUE | L24: 483.44
A25: ORD-20795 | B25: 2026-04-01 | C25: Customer 1795 | D25: customer1795@example.com | E25: Australia | F25: Home & Garden | G25: 3 | H25: 158.38 | I25: 0.23 | J25: Gift Card | K25: =FALSE() -> FALSE | L25: 365.86
A26: ORD-20834 | B26: 2026-05-26 | C26: Customer 1834 | D26: customer1834@example.com | E26: United States | F26: Apparel | G26: 3 | H26: 22.72 | I26: 0.16 | J26: Gift Card | K26: =FALSE() -> FALSE | L26: 57.25
A27: ORD-20272 | B27: 2026-06-07 | C27: Customer 1272 | D27: customer1272@example.com | E27: Canada | F27: Apparel | G27: 4 | H27: 29.64 | I27: 0.06 | J27: Debit Card | K27: =FALSE() -> FALSE | L27: 111.45
A28: ORD-21362 | B28: 2026-05-03 | C28: Customer 1462 | D28: customer1462@example.com | E28: United States | F28: Sports | G28: 3 | H28: 76.95 | I28: 0.22 | J28: Gift Card | K28: =FALSE() -> FALSE | L28: 180.06
A29: ORD-20972 | B29: 2025-09-29 | C29: Customer 1072 | D29: customer1072@example.com | E29: Australia | F29: Apparel | G29: 4 | H29: 106.45 | I29: 0.1 | J29: Debit Card | K29: =TRUE() -> TRUE | L29: 383.22
A30: ORD-20709 | B30: 2025-08-09 | C30: Customer 1709 | D30: not_provided@unknown.com | E30: Australia | F30: Beauty | G30: 5 | H30: 18.22 | I30: 0.24 | J30: Credit Card | K30: =TRUE() -> TRUE | L30: 69.24
A31: ORD-20292 | B31: 2025-10-19 | C31: Customer 1292 | D31: customer1292@example.com | E31: Germany | F31: Home & Garden | G31: 4 | H31: 165.16 | I31: 0.2 | J31: Gift Card | K31: =FALSE() -> FALSE | L31: 528.51
A32: ORD-20056 | B32: 2026-05-22 | C32: Customer 1056 | D32: customer1056@example.com | E32: United States | F32: Apparel | G32: 3 | H32: 52.95 | I32: 0.21 | J32: Gift Card | K32: =FALSE() -> FALSE | L32: 125.49
A33: ORD-21063 | B33: 2025-05-24 | C33: Customer 1163 | D33: customer1163@example.com | E33: United Kingdom | F33: Apparel | G33: 4 | H33: 137.75 | I33: 0.11 | J33: Gift Card | K33: =FALSE() -> FALSE | L33: 490.39
A34: ORD-21358 | B34: 2026-03-23 | C34: Customer 1458 | D34: customer1458@example.com | E34: United Kingdom | F34: Sports | G34: 2 | H34: 194.95 | I34: 0.14 | J34: PayPal | K34: =FALSE() -> FALSE | L34: 335.31
A35: ORD-21384 | B35: 2025-07-16 | C35: Customer 1484 | D35: customer1484@example.com | E35: United Kingdom | F35: Electronics | G35: 5 | H35: 174.78 | I35: 0.04 | J35: Debit Card | K35: =TRUE() -> TRUE | L35: 838.94
A36: ORD-20841 | B36: 2025-09-18 | C36: Customer 1841 | D36: customer1841@example.com | E36: United Kingdom | F36: Beauty | G36: 2 | H36: 74.86 | I36: 0.3 | J36: PayPal | K36: =FALSE() -> FALSE | L36: 104.8
A37: ORD-21215 | B37: 2026-06-09 | C37: Customer 1315 | D37: customer1315@example.com | E37: Germany | F37: Apparel | G37: 5 | H37: 106.93 | I37: 0.09 | J37: Debit Card | K37: =FALSE() -> FALSE | L37: 486.53
A38: ORD-20974 | B38: 2026-02-25 | C38: Customer 1074 | D38: customer1074@example.com | E38: Germany | F38: Electronics | G38: 5 | H38: 98.87 | I38: 0.01 | J38: Gift Card | K38: =FALSE() -> FALSE | L38: 489.41
A39: ORD-20311 | B39: 2025-09-20 | C39: Customer 1311 | D39: customer1311@example.com | E39: Canada | F39: Home & Garden | G39: 3 | H39: 112.89 | I39: 0.15 | J39: Gift Card | K39: =FALSE() -> FALSE | L39: 287.87
A40: ORD-20442 | B40: 2025-09-01 | C40: Customer 1442 | D40: customer1442@example.com | E40: Germany | F40: Beauty | G40: 4 | H40: 215.83 | I40: 0.26 | J40: Gift Card | K40: =FALSE() -> FALSE | L40: 638.86
A41: ORD-21517 | B41: 2026-01-12 | C41: Customer 1617 | D41: customer1617@example.com | E41: United States | F41: Beauty | G41: 4 | H41: 76.22 | I41: 0.13 | J41: PayPal | K41: =FALSE() -> FALSE | L41: 265.25
A42: ORD-20093 | B42: 2025-04-08 | C42: Customer 1093 | D42: customer1093@example.com | E42: United Kingdom | F42: Home & Garden | G42: 3 | H42: 196.37 | I42: 0.04 | J42: Gift Card | K42: =FALSE() -> FALSE | L42: 565.55
A43: ORD-20720 | B43: 2026-08-19 | C43: Customer 1720 | D43: customer1720@example.com | E43: Canada | F43: Beauty | G43: 5 | H43: 137.63 | I43: 0.28 | J43: PayPal | K43: =FALSE() -> FALSE | L43: 495.47
A44: ORD-21184 | B44: 2025-03-09 | C44: Customer 1284 | D44: customer1284@example.com | E44: United States | F44: Sports | G44: 5 | H44: 36.74 | I44: 0.16 | J44: PayPal | K44: =FALSE() -> FALSE | L44: 154.31
A45: ORD-21189 | B45: 2025-03-18 | C45: Customer 1289 | D45: customer1289@example.com | E45: Germany | F45: Home & Garden | G45: 5 | H45: 69.55 | I45: 0.15 | J45: PayPal | K45: =FALSE() -> FALSE | L45: 295.59
A46: ORD-21325 | B46: 2026-05-17 | C46: Customer 1425 | D46: customer1425@example.com | E46: Germany | F46: Beauty | G46: 4 | H46: 173.28 | I46: 0.16 | J46: Credit Card | K46: =FALSE() -> FALSE | L46: 582.22
A47: ORD-20618 | B47: 2026-06-11 | C47: Customer 1618 | D47: customer1618@example.com | E47: United Kingdom | F47: Electronics | G47: 4 | H47: 70.85 | I47: 0.2 | J47: Credit Card | K47: =FALSE() -> FALSE | L47: 226.72
... A64: ORD-21268 | B64: 2025-04-22 | C64: Customer 1368 | D64: customer1368@example.com | E64: Australia | F64: Beauty | G64: 4 | H64: 162.16 | I64: 0.21 | J64: Gift Card | K64: =FALSE() -> FALSE | L64: 512.43
A65: ORD-20036 | B65: 2025-05-11 | C65: Customer 1036 | D65: customer1036@example.com | E65: United States | F65: Sports | G65: 5 | H65: 15.82 | I65: 0.23 | J65: Credit Card | K65: =TRUE() -> TRUE | L65: 60.91
A66: ORD-21085 | B66: 2026-07-05 | C66: Customer 1185 | D66: customer1185@example.com | E66: United States | F66: Home & Garden | G66: 5 | H66: 139.65 | I66: 0.08 | J66: Debit Card | K66: =FALSE() -> FALSE | L66: 642.39
A67: ORD-21487 | B67: 2026-02-08 | C67: Customer 1587 | D67: customer1587@example.com | E67: United States | F67: Electronics | G67: 5 | H67: 55.58 | I67: 0.06 | J67: Debit Card | K67: =FALSE() -> FALSE | L67: 261.23
A68: ORD-20065 | B68: 2026-02-19 | C68: Customer 1065 | D68: customer1065@example.com | E68: Australia | F68: Home & Garden | G68: 1 | H68: 153.27 | I68: 0.02 | J68: Credit Card | K68: =FALSE() -> FALSE | L68: 150.2
A69: ORD-20632 | B69: 2025-06-09 | C69: Customer 1632 | D69: customer1632@example.com | E69: Germany | F69: Home & Garden | G69: 5 | H69: 90.77 | I69: 0.14 | J69: PayPal | K69: =FALSE() -> FALSE | L69: 390.31
A70: ORD-21059 | B70: 2026-01-13 | C70: Customer 1159 | D70: customer1159@example.com | E70: United Kingdom | F70: Beauty | G70: 4 | H70: 131.99 | I70: 0.14 | J70: Gift Card | K70: =FALSE() -> FALSE | L70: 454.05
A71: ORD-21235 | B71: 2025-07-07 | C71: Customer 1335 | D71: customer1335@example.com | E71: United Kingdom | F71: Electronics | G71: 4 | H71: 99.53 | I71: 0.27 | J71: PayPal | K71: =FALSE() -> FALSE | L71: 290.63
A72: ORD-21263 | B72: 2025-12-05 | C72: Customer 1363 | D72: customer1363@example.com | E72: Australia | F72: Sports | G72: 1 | H72: 190.5 | I72: 0.07 | J72: Credit Card | K72: =TRUE() -> TRUE | L72: 177.16
A73: ORD-20940 | B73: 2025-09-11 | C73: Customer 1040 | D73: customer1040@example.com | E73: Germany | F73: Electronics | G73: 4 | H73: 198.21 | I73: 0.29 | J73: Debit Card | K73: =FALSE() -> FALSE | L73: 562.92
A74: ORD-20080 | B74: 2025-04-17 | C74: Customer 1080 | D74: customer1080@example.com | E74: United Kingdom | F74: Sports | G74: 4 | H74: 186.33 | I74: 0.16 | J74: Credit Card | K74: =TRUE() -> TRUE | L74: 626.07
A75: ORD-21107 | B75: 2025-05-23 | C75: Customer 1207 | D75: not_provided@unknown.com | E75: Germany | F75: Sports | G75: 1 | H75: 79.45 | I75: 0.21 | J75: Credit Card | K75: =FALSE() -> FALSE | L75: 62.77
A76: ORD-20473 | B76: 2026-03-26 | C76: Customer 1473 | D76: customer1473@example.com | E76: Australia | F76: Electronics | G76: 2 | H76: 85.14 | I76: 0.15 | J76: Debit Card | K76: =FALSE() -> FALSE | L76: 144.74
A77: ORD-20022 | B77: 2026-01-22 | C77: Customer 1022 | D77: customer1022@example.com | E77: Germany | F77: Beauty | G77: 3 | H77: 71.45 | I77: 0.01 | J77: PayPal | K77: =FALSE() -> FALSE | L77: 212.21
A78: ORD-20607 | B78: 2026-01-21 | C78: Customer 1607 | D78: not_provided@unknown.com | E78: Australia | F78: Electronics | G78: 3 | H78: 159.98 | I78: 0.16 | J78: Gift Card | K78: =FALSE() -> FALSE | L78: 403.15
A79: ORD-20901 | B79: 2025-07-11 | C79: Customer 1001 | D79: customer1001@example.com | E79: Canada | F79: Apparel | G79: 1 | H79: 141.59 | I79: 0.19 | J79: PayPal | K79: =FALSE() -> FALSE | L79: 114.69
A80: ORD-20082 | B80: 2026-06-21 | C80: Customer 1082 | D80: customer1082@example.com | E80: United Kingdom | F80: Apparel | G80: 5 | H80: 192.53 | I80: 0.04 | J80: PayPal | K80: =FALSE() -> FALSE | L80: 924.14
A81: ORD-20171 | B81: 2025-08-03 | C81: Customer 1171 | D81: not_provided@unknown.com | E81: United Kingdom | F81: Electronics | G81: 5 | H81: 37.15 | I81: 0.03 | J81: Gift Card | K81: =FALSE() -> FALSE | L81: 180.18
A82: ORD-20984 | B82: 2025-03-01 | C82: Customer 1084 | D82: customer1084@example.com | E82: Germany | F82: Sports | G82: 4 | H82: 207.43 | I82: 0.3 | J82: Credit Card | K82: =FALSE() -> FALSE | L82: 580.8
A83: ORD-20750 | B83: 2026-02-04 | C83: Customer 1750 | D83: customer1750@example.com | E83: United Kingdom | F83: Home & Garden | G83: 3 | H83: 165.1 | I83: 0.15 | J83: Gift Card | K83: =FALSE() -> FALSE | L83: 421
A84: ORD-21100 | B84: 2026-04-09 | C84: Customer 1200 | D84: customer1200@example.com | E84: Australia | F84: Home & Garden | G84: 1 | H84: 25.89 | I84: 0.16 | J84: Credit Card | K84: =FALSE() -> FALSE | L84: 21.75
A85: ORD-20127 | B85: 2025-03-15 | C85: Customer 1127 | D85: customer1127@example.com | E85: United Kingdom | F85: Electronics | G85: 4 | H85: 135.98 | I85: 0.26 | J85: Gift Card | K85: =FALSE() -> FALSE | L85: 402.5
A86: ORD-20557 | B86: 2025-09-04 | C86: Customer 1557 | D86: customer1557@example.com | E86: Australia | F86: Electronics | G86: 3 | H86: 177.34 | I86: 0.3 | J86: PayPal | K86: =FALSE() -> FALSE | L86: 372.41
... A95: ORD-20785 | B95: 2025-12-14 | C95: Customer 1785 | D95: customer1785@example.com | E95: United States | F95: Electronics | G95: 3 | H95: 22.69 | I95: 0.06 | J95: Debit Card | K95: =FALSE() -> FALSE | L95: 63.99
A96: ORD-21456 | B96: 2026-04-23 | C96: Customer 1556 | D96: customer1556@example.com | E96: United States | F96: Apparel | G96: 3 | H96: 51.33 | I96: 0.22 | J96: Unknown | K96: =TRUE() -> TRUE | L96: 120.11
A97: ORD-21345 | B97: 2026-07-07 | C97: Customer 1445 | D97: customer1445@example.com | E97: United States | F97: Beauty | G97: 1 | H97: 139.15 | I97: 0.14 | J97: Gift Card | K97: =FALSE() -> FALSE | L97: 119.67
A98: ORD-20325 | B98: 2025-04-03 | C98: Customer 1325 | D98: customer1325@example.com | E98: Australia | F98: Electronics | G98: 1 | H98: 11.84 | I98: 0.29 | J98: PayPal | K98: =FALSE() -> FALSE | L98: 8.41
A99: ORD-20869 | B99: 2025-05-08 | C99: Customer 1869 | D99: customer1869@example.com | E99: United Kingdom | F99: Apparel | G99: 3 | H99: 135.29 | I99: 0.22 | J99: Gift Card | K99: =FALSE() -> FALSE | L99: 316.58
A100: ORD-20246 | B100: 2025-04-08 | C100: Customer 1246 | D100: customer1246@example.com | E100: United States | F100: Beauty | G100: 2 | H100: 184.82 | I100: 0.21 | J100: Gift Card | K100: =FALSE() -> FALSE | L100: 292.02
A101: ORD-20278 | B101: 2025-02-27 | C101: Customer 1278 | D101: customer1278@example.com | E101: Australia | F101: Electronics | G101: 2 | H101: 178.69 | I101: 0.19 | J101: Credit Card | K101: =FALSE() -> FALSE | L101: 289.48
A102: ORD-21058 | B102: 2026-02-21 | C102: Customer 1158 | D102: customer1158@example.com | E102: United Kingdom | F102: Home & Garden | G102: 4 | H102: 47.03 | I102: 0.02 | J102: Credit Card | K102: =FALSE() -> FALSE | L102: 184.36
A103: ORD-21444 | B103: 2025-11-13 | C103: Customer 1544 | D103: customer1544@example.com | E103: Canada | F103: Apparel | G103: 3 | H103: 39.79 | I103: 0.3 | J103: Credit Card | K103: =FALSE() -> FALSE | L103: 83.56
A104: ORD-20716 | B104: 2025-11-09 | C104: Customer 1716 | D104: customer1716@example.com | E104: United Kingdom | F104: Beauty | G104: 4 | H104: 102.99 | I104: 0.24 | J104: PayPal | K104: =FALSE() -> FALSE | L104: 313.09
A105: ORD-21553 | B105: 2026-03-19 | C105: Customer 1653 | D105: customer1653@example.com | E105: United Kingdom | F105: Electronics | G105: 4 | H105: 27.17 | I105: 0.28 | J105: Credit Card | K105: =FALSE() -> FALSE | L105: 78.25
A106: ORD-20787 | B106: 2026-07-08 | C106: Customer 1787 | D106: customer1787@example.com | E106: United States | F106: Beauty | G106: 2 | H106: 213.31 | I106: 0.28 | J106: Debit Card | K106: =FALSE() -> FALSE | L106: 307.17
A107: ORD-20997 | B107: 2025-11-10 | C107: Customer 1097 | D107: customer1097@example.com | E107: Australia | F107: Home & Garden | G107: 4 | H107: 147.66 | I107: 0.08 | J107: Debit Card | K107: =FALSE() -> FALSE | L107: 543.39
A108: ORD-20710 | B108: 2026-02-25 | C108: Customer 1710 | D108: customer1710@example.com | E108: United States | F108: Apparel | G108: 5 | H108: 33.17 | I108: 0.04 | J108: PayPal | K108: =FALSE() -> FALSE | L108: 159.22
... A121: ORD-21308 | B121: 2025-08-06 | C121: Customer 1408 | D121: customer1408@example.com | E121: Canada | F121: Electronics | G121: 3 | H121: 132.68 | I121: 0.23 | J121: Debit Card | K121: =FALSE() -> FALSE | L121: 306.49
A122: ORD-21290 | B122: 2025-12-13 | C122: Customer 1390 | D122: customer1390@example.com | E122: Germany | F122: Home & Garden | G122: 4 | H122: 163.21 | I122: 0.02 | J122: Gift Card | K122: =TRUE() -> TRUE | L122: 639.78
A123: ORD-21476 | B123: 2025-12-27 | C123: Customer 1576 | D123: customer1576@example.com | E123: Germany | F123: Home & Garden | G123: 1 | H123: 71.2 | I123: 0.15 | J123: PayPal | K123: =FALSE() -> FALSE | L123: 60.52
A124: ORD-20217 | B124: 2025-08-23 | C124: Customer 1217 | D124: customer1217@example.com | E124: United Kingdom | F124: Apparel | G124: 5 | H124: 198.43 | I124: 0.15 | J124: Debit Card | K124: =FALSE() -> FALSE | L124: 843.33
A125: ORD-20820 | B125: 2026-08-17 | C125: Customer 1820 | D125: customer1820@example.com | E125: Australia | F125: Apparel | G125: 1 | H125: 148.55 | I125: 0.1 | J125: Credit Card | K125: =FALSE() -> FALSE | L125: 133.7
A126: ORD-21549 | B126: 2026-06-01 | C126: Customer 1649 | D126: customer1649@example.com | E126: United Kingdom | F126: Sports | G126: 5 | H126: 102.38 | I126: 0.18 | J126: Gift Card | K126: =TRUE() -> TRUE | L126: 419.76
A127: ORD-21173 | B127: 2025-04-22 | C127: Customer 1273 | D127: customer1273@example.com | E127: Canada | F127: Sports | G127: 3 | H127: 172.95 | I127: 0.06 | J127: Credit Card | K127: =FALSE() -> FALSE | L127: 487.72
A128: ORD-20980 | B128: 2025-11-24 | C128: Customer 1080 | D128: customer1080@example.com | E128: Australia | F128: Apparel | G128: 1 | H128: 177.25 | I128: 0.28 | J128: Debit Card | K128: =FALSE() -> FALSE | L128: 127.62
A129: ORD-20672 | B129: 2025-07-12 | C129: Customer 1672 | D129: customer1672@example.com | E129: Australia | F129: Beauty | G129: 5 | H129: 121.76 | I129: 0.26 | J129: Gift Card | K129: =FALSE() -> FALSE | L129: 450.51
A130: ORD-21220 | B130: 2025-04-24 | C130: Customer 1320 | D130: customer1320@example.com | E130: Canada | F130: Apparel | G130: 3 | H130: 92.05 | I130: 0.16 | J130: PayPal | K130: =FALSE() -> FALSE | L130: 231.97
A131: ORD-21296 | B131: 2025-12-11 | C131: Customer 1396 | D131: customer1396@example.com | E131: United States | F131: Electronics | G131: 1 | H131: 215.37 | I131: 0.21 | J131: PayPal | K131: =TRUE() -> TRUE | L131: 170.14
A132: ORD-20573 | B132: 2025-12-20 | C132: Customer 1573 | D132: customer1573@example.com | E132: United Kingdom | F132: Apparel | G132: 5 | H132: 63.67 | I132: 0.15 | J132: Gift Card | K132: =FALSE() -> FALSE | L132: 270.6
A133: ORD-20655 | B133: 2026-06-21 | C133: Customer 1655 | D133: customer1655@example.com | E133: United States | F133: Home & Garden | G133: 4 | H133: 90.29 | I133: 0.27 | J133: PayPal | K133: =FALSE() -> FALSE | L133: 263.65
A134: ORD-20943 | B134: 2026-06-04 | C134: Customer 1043 | D134: customer1043@example.com | E134: Germany | F134: Sports | G134: 4 | H134: 59.03 | I134: 0.23 | J134: PayPal | K134: =FALSE() -> FALSE | L134: 181.81
A135: ORD-20201 | B135: 2026-07-14 | C135: Customer 1201 | D135: customer1201@example.com | E135: United Kingdom | F135: Beauty | G135: 2 | H135: 186.77 | I135: 0.29 | J135: Gift Card | K135: =FALSE() -> FALSE | L135: 265.21
A136: ORD-20470 | B136: 2026-04-22 | C136: Customer 1470 | D136: customer1470@example.com | E136: United States | F136: Home & Garden | G136: 1 | H136: 110.73 | I136: 0.1 | J136: Credit Card | K136: =FALSE() -> FALSE | L136: 99.66
A137: ORD-21408 | B137: 2025-04-21 | C137: Customer 1508 | D137: customer1508@example.com | E137: Canada | F137: Sports | G137: 1 | H137: 94.91 | I137: 0.17 | J137: Gift Card | K137: =TRUE() -> TRUE | L137: 78.78
...

Sheet Visual Summary
B2: Automated Visual Summary
B4: Category | C4: Revenue | D4: Orders
B5: Apparel | C5: =SUMIF('Cleaned Data'!$F$4:$F$1603,$B5,'Cleaned Data'!$L$4:$L$1603) -> 89581.46 | D5: =COUNTIF('Cleaned Data'!$F$4:$F$1603,$B5) -> 310
B6: Beauty | C6: =SUMIF('Cleaned Data'!$F$4:$F$1603,$B6,'Cleaned Data'!$L$4:$L$1603) -> 89737.49 | D6: =COUNTIF('Cleaned Data'!$F$4:$F$1603,$B6) -> 315
B7: Electronics | C7: =SUMIF('Cleaned Data'!$F$4:$F$1603,$B7,'Cleaned Data'!$L$4:$L$1603) -> 82577.49 | D7: =COUNTIF('Cleaned Data'!$F$4:$F$1603,$B7) -> 296
B8: Home & Garden | C8: =SUMIF('Cleaned Data'!$F$4:$F$1603,$B8,'Cleaned Data'!$L$4:$L$1603) -> 103390.67 | D8: =COUNTIF('Cleaned Data'!$F$4:$F$1603,$B8) -> 362
B9: Sports | C9: =SUMIF('Cleaned Data'!$F$4:$F$1603,$B9,'Cleaned Data'!$L$4:$L$1603) -> 91040.65 | D9: =COUNTIF('Cleaned Data'!$F$4:$F$1603,$B9) -> 317
B12: Country | C12: Revenue | D12: Orders
B13: Australia | C13: =SUMIF('Cleaned Data'!$E$4:$E$1603,$B13,'Cleaned Data'!$L$4:$L$1603) -> 88653.23 | D13: =COUNTIF('Cleaned Data'!$E$4:$E$1603,$B13) -> 328
B14: Canada | C14: =SUMIF('Cleaned Data'!$E$4:$E$1603,$B14,'Cleaned Data'!$L$4:$L$1603) -> 82311.79 | D14: =COUNTIF('Cleaned Data'!$E$4:$E$1603,$B14) -> 299
B15: Germany | C15: =SUMIF('Cleaned Data'!$E$4:$E$1603,$B15,'Cleaned Data'!$L$4:$L$1603) -> 92135.31 | D15: =COUNTIF('Cleaned Data'!$E$4:$E$1603,$B15) -> 314
B16: United Kingdom | C16: =SUMIF('Cleaned Data'!$E$4:$E$1603,$B16,'Cleaned Data'!$L$4:$L$1603) -> 115028.21 | D16: =COUNTIF('Cleaned Data'!$E$4:$E$1603,$B16) -> 382
B17: United States | C17: =SUMIF('Cleaned Data'!$E$4:$E$1603,$B17,'Cleaned Data'!$L$4:$L$1603) -> 78199.22 | D17: =COUNTIF('Cleaned Data'!$E$4:$E$1603,$B17) -> 277
